MSE,RMSE
88004.58403961014,296.6556657803962
