MSE,RMSE
88191.75253135068,296.97096243799774
