MSE,RMSE
102363.0300664049,319.94222926397964
