MSE,RMSE
101704.13063852441,318.91085061271343
