Combination,MSE,RMSE
Struct+Themes+Maia2,94830.83970489482,307.9461636469836
Struct+Themes,95150.93890168093,308.4654581986141
Struct+Maia2,117286.14345214634,342.4706461175123
Struct,119835.50257224191,346.1726485039537
Themes+Maia2,137300.13904809323,370.5403339018483
Themes,138828.6772608961,372.5972051168609
Maia2,216190.79246157638,464.9632162457331
