MSE,RMSE
119221.87502083261,345.2852082276804
