MSE,RMSE
88074.57038703158,296.7736012300144
