MSE,RMSE
121115.27621016186,348.016201074263
