MSE,RMSE
134328.26904043797,366.5082114229338
