MSE,RMSE
119469.99009848027,345.64431153785864
